dayofyear	product	price	units	month1	month2	month3	month4	month5	month6	month7	month8	month9	month10	month11	month12
1	1	30	2064	1	0	0	0	0	0	0	0	0	0	0	0
1	2	65	3616	1	0	0	0	0	0	0	0	0	0	0	0
2	1	30	2222	1	0	0	0	0	0	0	0	0	0	0	0
2	2	65	3454	1	0	0	0	0	0	0	0	0	0	0	0
3	1	30	2026	1	0	0	0	0	0	0	0	0	0	0	0
3	2	65	3933	1	0	0	0	0	0	0	0	0	0	0	0
4	1	27.9	2210	1	0	0	0	0	0	0	0	0	0	0	0
4	2	65	3584	1	0	0	0	0	0	0	0	0	0	0	0
5	1	27.3	1955	1	0	0	0	0	0	0	0	0	0	0	0
5	2	61.75	3403	1	0	0	0	0	0	0	0	0	0	0	0
6	1	27	2107	1	0	0	0	0	0	0	0	0	0	0	0
6	2	65	3385	1	0	0	0	0	0	0	0	0	0	0	0
7	1	30	2020	1	0	0	0	0	0	0	0	0	0	0	0
7	2	65	3582	1	0	0	0	0	0	0	0	0	0	0	0
8	1	25.5	2157	1	0	0	0	0	0	0	0	0	0	0	0
8	2	61.1	3649	1	0	0	0	0	0	0	0	0	0	0	0
9	1	30	2114	1	0	0	0	0	0	0	0	0	0	0	0
9	2	65	3683	1	0	0	0	0	0	0	0	0	0	0	0
10	1	26.4	1979	1	0	0	0	0	0	0	0	0	0	0	0
10	2	61.75	3836	1	0	0	0	0	0	0	0	0	0	0	0
11	1	30	1967	1	0	0	0	0	0	0	0	0	0	0	0
11	2	65	3422	1	0	0	0	0	0	0	0	0	0	0	0
12	1	30	1974	1	0	0	0	0	0	0	0	0	0	0	0
12	2	65	3565	1	0	0	0	0	0	0	0	0	0	0	0
13	1	30	2204	1	0	0	0	0	0	0	0	0	0	0	0
13	2	65	3513	1	0	0	0	0	0	0	0	0	0	0	0
14	1	30	1794	1	0	0	0	0	0	0	0	0	0	0	0
14	2	65	3613	1	0	0	0	0	0	0	0	0	0	0	0
15	1	30	1985	1	0	0	0	0	0	0	0	0	0	0	0
15	2	65	3638	1	0	0	0	0	0	0	0	0	0	0	0
16	1	30	2006	1	0	0	0	0	0	0	0	0	0	0	0
16	2	65	3478	1	0	0	0	0	0	0	0	0	0	0	0
17	1	28.5	1970	1	0	0	0	0	0	0	0	0	0	0	0
17	2	65	3512	1	0	0	0	0	0	0	0	0	0	0	0
18	1	30	2021	1	0	0	0	0	0	0	0	0	0	0	0
18	2	65	3594	1	0	0	0	0	0	0	0	0	0	0	0
19	1	28.5	2021	1	0	0	0	0	0	0	0	0	0	0	0
19	2	58.5	3790	1	0	0	0	0	0	0	0	0	0	0	0
20	1	30	2102	1	0	0	0	0	0	0	0	0	0	0	0
20	2	65	3099	1	0	0	0	0	0	0	0	0	0	0	0
21	1	30	2111	1	0	0	0	0	0	0	0	0	0	0	0
21	2	65	3774	1	0	0	0	0	0	0	0	0	0	0	0
22	1	30	2285	1	0	0	0	0	0	0	0	0	0	0	0
22	2	65	3550	1	0	0	0	0	0	0	0	0	0	0	0
23	1	30	1828	1	0	0	0	0	0	0	0	0	0	0	0
23	2	65	3972	1	0	0	0	0	0	0	0	0	0	0	0
24	1	27.9	2138	1	0	0	0	0	0	0	0	0	0	0	0
24	2	65	3366	1	0	0	0	0	0	0	0	0	0	0	0
25	1	30	2045	1	0	0	0	0	0	0	0	0	0	0	0
25	2	65	3234	1	0	0	0	0	0	0	0	0	0	0	0
26	1	30	1965	1	0	0	0	0	0	0	0	0	0	0	0
26	2	65	3811	1	0	0	0	0	0	0	0	0	0	0	0
27	1	30	2051	1	0	0	0	0	0	0	0	0	0	0	0
27	2	65	3338	1	0	0	0	0	0	0	0	0	0	0	0
28	1	30	2172	1	0	0	0	0	0	0	0	0	0	0	0
28	2	65	3537	1	0	0	0	0	0	0	0	0	0	0	0
29	1	30	1904	1	0	0	0	0	0	0	0	0	0	0	0
29	2	65	3482	1	0	0	0	0	0	0	0	0	0	0	0
30	1	30	1865	1	0	0	0	0	0	0	0	0	0	0	0
30	2	65	3365	1	0	0	0	0	0	0	0	0	0	0	0
31	1	30	2122	1	0	0	0	0	0	0	0	0	0	0	0
31	2	65	3506	1	0	0	0	0	0	0	0	0	0	0	0
32	1	27.3	2121	0	1	0	0	0	0	0	0	0	0	0	0
32	2	60.45	3399	0	1	0	0	0	0	0	0	0	0	0	0
33	1	30	1880	0	1	0	0	0	0	0	0	0	0	0	0
33	2	65	3874	0	1	0	0	0	0	0	0	0	0	0	0
34	1	28.5	2261	0	1	0	0	0	0	0	0	0	0	0	0
34	2	58.5	4072	0	1	0	0	0	0	0	0	0	0	0	0
35	1	30	2119	0	1	0	0	0	0	0	0	0	0	0	0
35	2	65	3796	0	1	0	0	0	0	0	0	0	0	0	0
36	1	30	1987	0	1	0	0	0	0	0	0	0	0	0	0
36	2	65	3574	0	1	0	0	0	0	0	0	0	0	0	0
37	1	30	1881	0	1	0	0	0	0	0	0	0	0	0	0
37	2	65	3519	0	1	0	0	0	0	0	0	0	0	0	0
38	1	30	2190	0	1	0	0	0	0	0	0	0	0	0	0
38	2	65	3649	0	1	0	0	0	0	0	0	0	0	0	0
39	1	30	2133	0	1	0	0	0	0	0	0	0	0	0	0
39	2	65	3581	0	1	0	0	0	0	0	0	0	0	0	0
40	1	30	1918	0	1	0	0	0	0	0	0	0	0	0	0
40	2	65	3455	0	1	0	0	0	0	0	0	0	0	0	0
41	1	27	2182	0	1	0	0	0	0	0	0	0	0	0	0
41	2	61.75	3349	0	1	0	0	0	0	0	0	0	0	0	0
42	1	30	2028	0	1	0	0	0	0	0	0	0	0	0	0
42	2	65	3544	0	1	0	0	0	0	0	0	0	0	0	0
43	1	30	1978	0	1	0	0	0	0	0	0	0	0	0	0
43	2	65	3481	0	1	0	0	0	0	0	0	0	0	0	0
44	1	30	1884	0	1	0	0	0	0	0	0	0	0	0	0
44	2	65	3565	0	1	0	0	0	0	0	0	0	0	0	0
45	1	26.7	2072	0	1	0	0	0	0	0	0	0	0	0	0
45	2	59.15	3816	0	1	0	0	0	0	0	0	0	0	0	0
46	1	30	1910	0	1	0	0	0	0	0	0	0	0	0	0
46	2	65	3712	0	1	0	0	0	0	0	0	0	0	0	0
47	1	26.4	2227	0	1	0	0	0	0	0	0	0	0	0	0
47	2	59.15	3904	0	1	0	0	0	0	0	0	0	0	0	0
48	1	30	1924	0	1	0	0	0	0	0	0	0	0	0	0
48	2	65	3747	0	1	0	0	0	0	0	0	0	0	0	0
49	1	28.5	1995	0	1	0	0	0	0	0	0	0	0	0	0
49	2	65	3419	0	1	0	0	0	0	0	0	0	0	0	0
50	1	26.4	2212	0	1	0	0	0	0	0	0	0	0	0	0
50	2	59.8	3635	0	1	0	0	0	0	0	0	0	0	0	0
51	1	27	2148	0	1	0	0	0	0	0	0	0	0	0	0
51	2	59.8	4068	0	1	0	0	0	0	0	0	0	0	0	0
52	1	30	1966	0	1	0	0	0	0	0	0	0	0	0	0
52	2	65	3561	0	1	0	0	0	0	0	0	0	0	0	0
53	1	26.1	2227	0	1	0	0	0	0	0	0	0	0	0	0
53	2	65	3306	0	1	0	0	0	0	0	0	0	0	0	0
54	1	30	1775	0	1	0	0	0	0	0	0	0	0	0	0
54	2	65	3468	0	1	0	0	0	0	0	0	0	0	0	0
55	1	30	1931	0	1	0	0	0	0	0	0	0	0	0	0
55	2	65	3294	0	1	0	0	0	0	0	0	0	0	0	0
56	1	28.5	2066	0	1	0	0	0	0	0	0	0	0	0	0
56	2	61.75	3524	0	1	0	0	0	0	0	0	0	0	0	0
57	1	27	2291	0	1	0	0	0	0	0	0	0	0	0	0
57	2	58.5	4045	0	1	0	0	0	0	0	0	0	0	0	0
58	1	30	2009	0	1	0	0	0	0	0	0	0	0	0	0
58	2	65	3897	0	1	0	0	0	0	0	0	0	0	0	0
59	1	25.8	2174	0	1	0	0	0	0	0	0	0	0	0	0
59	2	59.15	3977	0	1	0	0	0	0	0	0	0	0	0	0
60	1	25.5	2129	0	0	1	0	0	0	0	0	0	0	0	0
60	2	61.1	3520	0	0	1	0	0	0	0	0	0	0	0	0
61	1	27.6	2197	0	0	1	0	0	0	0	0	0	0	0	0
61	2	58.5	3863	0	0	1	0	0	0	0	0	0	0	0	0
62	1	30	1911	0	0	1	0	0	0	0	0	0	0	0	0
62	2	65	3755	0	0	1	0	0	0	0	0	0	0	0	0
63	1	30	1916	0	0	1	0	0	0	0	0	0	0	0	0
63	2	65	3420	0	0	1	0	0	0	0	0	0	0	0	0
64	1	30	2223	0	0	1	0	0	0	0	0	0	0	0	0
64	2	65	3831	0	0	1	0	0	0	0	0	0	0	0	0
65	1	30	1943	0	0	1	0	0	0	0	0	0	0	0	0
65	2	65	3756	0	0	1	0	0	0	0	0	0	0	0	0
66	1	27.6	2159	0	0	1	0	0	0	0	0	0	0	0	0
66	2	59.8	3881	0	0	1	0	0	0	0	0	0	0	0	0
67	1	27.9	1953	0	0	1	0	0	0	0	0	0	0	0	0
67	2	65	3892	0	0	1	0	0	0	0	0	0	0	0	0
68	1	30	2231	0	0	1	0	0	0	0	0	0	0	0	0
68	2	65	3381	0	0	1	0	0	0	0	0	0	0	0	0
69	1	30	2028	0	0	1	0	0	0	0	0	0	0	0	0
69	2	65	3628	0	0	1	0	0	0	0	0	0	0	0	0
70	1	30	2068	0	0	1	0	0	0	0	0	0	0	0	0
70	2	65	3010	0	0	1	0	0	0	0	0	0	0	0	0
71	1	25.5	2203	0	0	1	0	0	0	0	0	0	0	0	0
71	2	65	3532	0	0	1	0	0	0	0	0	0	0	0	0
72	1	27.3	2116	0	0	1	0	0	0	0	0	0	0	0	0
72	2	61.75	3332	0	0	1	0	0	0	0	0	0	0	0	0
73	1	30	2025	0	0	1	0	0	0	0	0	0	0	0	0
73	2	65	3634	0	0	1	0	0	0	0	0	0	0	0	0
74	1	27	2120	0	0	1	0	0	0	0	0	0	0	0	0
74	2	61.1	3886	0	0	1	0	0	0	0	0	0	0	0	0
75	1	27.3	2075	0	0	1	0	0	0	0	0	0	0	0	0
75	2	59.8	3467	0	0	1	0	0	0	0	0	0	0	0	0
76	1	30	1853	0	0	1	0	0	0	0	0	0	0	0	0
76	2	65	3534	0	0	1	0	0	0	0	0	0	0	0	0
77	1	26.7	2167	0	0	1	0	0	0	0	0	0	0	0	0
77	2	65	3846	0	0	1	0	0	0	0	0	0	0	0	0
78	1	30	1947	0	0	1	0	0	0	0	0	0	0	0	0
78	2	65	3703	0	0	1	0	0	0	0	0	0	0	0	0
79	1	26.4	2168	0	0	1	0	0	0	0	0	0	0	0	0
79	2	65	3851	0	0	1	0	0	0	0	0	0	0	0	0
80	1	27.3	2244	0	0	1	0	0	0	0	0	0	0	0	0
80	2	60.45	3907	0	0	1	0	0	0	0	0	0	0	0	0
81	1	28.5	2128	0	0	1	0	0	0	0	0	0	0	0	0
81	2	59.15	3427	0	0	1	0	0	0	0	0	0	0	0	0
82	1	26.7	2091	0	0	1	0	0	0	0	0	0	0	0	0
82	2	65	3537	0	0	1	0	0	0	0	0	0	0	0	0
83	1	30	2065	0	0	1	0	0	0	0	0	0	0	0	0
83	2	65	3177	0	0	1	0	0	0	0	0	0	0	0	0
84	1	26.1	2083	0	0	1	0	0	0	0	0	0	0	0	0
84	2	65	3298	0	0	1	0	0	0	0	0	0	0	0	0
85	1	27.6	2210	0	0	1	0	0	0	0	0	0	0	0	0
85	2	61.1	3856	0	0	1	0	0	0	0	0	0	0	0	0
86	1	30	2040	0	0	1	0	0	0	0	0	0	0	0	0
86	2	65	3556	0	0	1	0	0	0	0	0	0	0	0	0
87	1	30	2067	0	0	1	0	0	0	0	0	0	0	0	0
87	2	65	3354	0	0	1	0	0	0	0	0	0	0	0	0
88	1	30	1994	0	0	1	0	0	0	0	0	0	0	0	0
88	2	65	3208	0	0	1	0	0	0	0	0	0	0	0	0
89	1	27	2197	0	0	1	0	0	0	0	0	0	0	0	0
89	2	60.45	3692	0	0	1	0	0	0	0	0	0	0	0	0
90	1	30	1973	0	0	1	0	0	0	0	0	0	0	0	0
90	2	65	3735	0	0	1	0	0	0	0	0	0	0	0	0
91	1	27.9	2192	0	0	0	1	0	0	0	0	0	0	0	0
91	2	65	3682	0	0	0	1	0	0	0	0	0	0	0	0
92	1	27.6	2269	0	0	0	1	0	0	0	0	0	0	0	0
92	2	58.5	4099	0	0	0	1	0	0	0	0	0	0	0	0
93	1	30	2114	0	0	0	1	0	0	0	0	0	0	0	0
93	2	65	3061	0	0	0	1	0	0	0	0	0	0	0	0
94	1	30	2060	0	0	0	1	0	0	0	0	0	0	0	0
94	2	65	3308	0	0	0	1	0	0	0	0	0	0	0	0
95	1	30	2090	0	0	0	1	0	0	0	0	0	0	0	0
95	2	65	3260	0	0	0	1	0	0	0	0	0	0	0	0
96	1	30	2083	0	0	0	1	0	0	0	0	0	0	0	0
96	2	65	3674	0	0	0	1	0	0	0	0	0	0	0	0
97	1	30	1976	0	0	0	1	0	0	0	0	0	0	0	0
97	2	65	3772	0	0	0	1	0	0	0	0	0	0	0	0
98	1	30	1940	0	0	0	1	0	0	0	0	0	0	0	0
98	2	65	3307	0	0	0	1	0	0	0	0	0	0	0	0
99	1	30	2037	0	0	0	1	0	0	0	0	0	0	0	0
99	2	65	3989	0	0	0	1	0	0	0	0	0	0	0	0
100	1	30	1996	0	0	0	1	0	0	0	0	0	0	0	0
100	2	65	3720	0	0	0	1	0	0	0	0	0	0	0	0
101	1	25.5	2266	0	0	0	1	0	0	0	0	0	0	0	0
101	2	61.75	3351	0	0	0	1	0	0	0	0	0	0	0	0
102	1	26.4	2100	0	0	0	1	0	0	0	0	0	0	0	0
102	2	58.5	3440	0	0	0	1	0	0	0	0	0	0	0	0
103	1	30	1913	0	0	0	1	0	0	0	0	0	0	0	0
103	2	65	3115	0	0	0	1	0	0	0	0	0	0	0	0
104	1	28.2	2271	0	0	0	1	0	0	0	0	0	0	0	0
104	2	65	3157	0	0	0	1	0	0	0	0	0	0	0	0
105	1	30	1931	0	0	0	1	0	0	0	0	0	0	0	0
105	2	65	3854	0	0	0	1	0	0	0	0	0	0	0	0
106	1	30	1998	0	0	0	1	0	0	0	0	0	0	0	0
106	2	65	3430	0	0	0	1	0	0	0	0	0	0	0	0
107	1	30	2120	0	0	0	1	0	0	0	0	0	0	0	0
107	2	65	3768	0	0	0	1	0	0	0	0	0	0	0	0
108	1	30	1984	0	0	0	1	0	0	0	0	0	0	0	0
108	2	65	3796	0	0	0	1	0	0	0	0	0	0	0	0
109	1	27.6	2132	0	0	0	1	0	0	0	0	0	0	0	0
109	2	59.8	3635	0	0	0	1	0	0	0	0	0	0	0	0
110	1	30	1964	0	0	0	1	0	0	0	0	0	0	0	0
110	2	65	3502	0	0	0	1	0	0	0	0	0	0	0	0
111	1	30	2039	0	0	0	1	0	0	0	0	0	0	0	0
111	2	65	3568	0	0	0	1	0	0	0	0	0	0	0	0
112	1	26.1	2215	0	0	0	1	0	0	0	0	0	0	0	0
112	2	59.15	3993	0	0	0	1	0	0	0	0	0	0	0	0
113	1	25.5	2292	0	0	0	1	0	0	0	0	0	0	0	0
113	2	65	3040	0	0	0	1	0	0	0	0	0	0	0	0
114	1	30	2105	0	0	0	1	0	0	0	0	0	0	0	0
114	2	65	3477	0	0	0	1	0	0	0	0	0	0	0	0
115	1	30	1924	0	0	0	1	0	0	0	0	0	0	0	0
115	2	65	3366	0	0	0	1	0	0	0	0	0	0	0	0
116	1	30	2073	0	0	0	1	0	0	0	0	0	0	0	0
116	2	65	3580	0	0	0	1	0	0	0	0	0	0	0	0
117	1	25.5	2118	0	0	0	1	0	0	0	0	0	0	0	0
117	2	60.45	3861	0	0	0	1	0	0	0	0	0	0	0	0
118	1	30	2007	0	0	0	1	0	0	0	0	0	0	0	0
118	2	65	3488	0	0	0	1	0	0	0	0	0	0	0	0
119	1	28.5	1966	0	0	0	1	0	0	0	0	0	0	0	0
119	2	59.15	3815	0	0	0	1	0	0	0	0	0	0	0	0
120	1	27.6	2070	0	0	0	1	0	0	0	0	0	0	0	0
120	2	59.8	3991	0	0	0	1	0	0	0	0	0	0	0	0
121	1	30	1896	0	0	0	0	1	0	0	0	0	0	0	0
121	2	65	3583	0	0	0	0	1	0	0	0	0	0	0	0
122	1	25.8	2188	0	0	0	0	1	0	0	0	0	0	0	0
122	2	59.15	3806	0	0	0	0	1	0	0	0	0	0	0	0
123	1	25.5	2376	0	0	0	0	1	0	0	0	0	0	0	0
123	2	65	3777	0	0	0	0	1	0	0	0	0	0	0	0
124	1	28.2	2290	0	0	0	0	1	0	0	0	0	0	0	0
124	2	61.1	3539	0	0	0	0	1	0	0	0	0	0	0	0
125	1	30	2056	0	0	0	0	1	0	0	0	0	0	0	0
125	2	65	3306	0	0	0	0	1	0	0	0	0	0	0	0
126	1	26.4	2278	0	0	0	0	1	0	0	0	0	0	0	0
126	2	65	3576	0	0	0	0	1	0	0	0	0	0	0	0
127	1	27	2055	0	0	0	0	1	0	0	0	0	0	0	0
127	2	59.15	3923	0	0	0	0	1	0	0	0	0	0	0	0
128	1	30	2127	0	0	0	0	1	0	0	0	0	0	0	0
128	2	65	3419	0	0	0	0	1	0	0	0	0	0	0	0
129	1	28.2	2045	0	0	0	0	1	0	0	0	0	0	0	0
129	2	59.8	3062	0	0	0	0	1	0	0	0	0	0	0	0
130	1	30	2214	0	0	0	0	1	0	0	0	0	0	0	0
130	2	65	3347	0	0	0	0	1	0	0	0	0	0	0	0
131	1	30	1937	0	0	0	0	1	0	0	0	0	0	0	0
131	2	65	3416	0	0	0	0	1	0	0	0	0	0	0	0
132	1	30	2207	0	0	0	0	1	0	0	0	0	0	0	0
132	2	65	3426	0	0	0	0	1	0	0	0	0	0	0	0
133	1	30	2032	0	0	0	0	1	0	0	0	0	0	0	0
133	2	65	3536	0	0	0	0	1	0	0	0	0	0	0	0
134	1	30	1961	0	0	0	0	1	0	0	0	0	0	0	0
134	2	65	3520	0	0	0	0	1	0	0	0	0	0	0	0
135	1	27.3	1984	0	0	0	0	1	0	0	0	0	0	0	0
135	2	65	3361	0	0	0	0	1	0	0	0	0	0	0	0
136	1	30	1865	0	0	0	0	1	0	0	0	0	0	0	0
136	2	65	3696	0	0	0	0	1	0	0	0	0	0	0	0
137	1	26.4	2027	0	0	0	0	1	0	0	0	0	0	0	0
137	2	59.15	3625	0	0	0	0	1	0	0	0	0	0	0	0
138	1	26.4	2217	0	0	0	0	1	0	0	0	0	0	0	0
138	2	61.75	3712	0	0	0	0	1	0	0	0	0	0	0	0
139	1	30	1830	0	0	0	0	1	0	0	0	0	0	0	0
139	2	65	3350	0	0	0	0	1	0	0	0	0	0	0	0
140	1	30	2178	0	0	0	0	1	0	0	0	0	0	0	0
140	2	65	3534	0	0	0	0	1	0	0	0	0	0	0	0
141	1	30	1820	0	0	0	0	1	0	0	0	0	0	0	0
141	2	65	3647	0	0	0	0	1	0	0	0	0	0	0	0
142	1	30	1878	0	0	0	0	1	0	0	0	0	0	0	0
142	2	65	3659	0	0	0	0	1	0	0	0	0	0	0	0
143	1	25.5	2315	0	0	0	0	1	0	0	0	0	0	0	0
143	2	58.5	3782	0	0	0	0	1	0	0	0	0	0	0	0
144	1	30	2009	0	0	0	0	1	0	0	0	0	0	0	0
144	2	65	3424	0	0	0	0	1	0	0	0	0	0	0	0
145	1	30	2067	0	0	0	0	1	0	0	0	0	0	0	0
145	2	65	3248	0	0	0	0	1	0	0	0	0	0	0	0
146	1	26.7	2023	0	0	0	0	1	0	0	0	0	0	0	0
146	2	65	3356	0	0	0	0	1	0	0	0	0	0	0	0
147	1	28.5	2000	0	0	0	0	1	0	0	0	0	0	0	0
147	2	65	3697	0	0	0	0	1	0	0	0	0	0	0	0
148	1	30	2171	0	0	0	0	1	0	0	0	0	0	0	0
148	2	65	3361	0	0	0	0	1	0	0	0	0	0	0	0
149	1	27.9	2150	0	0	0	0	1	0	0	0	0	0	0	0
149	2	60.45	3666	0	0	0	0	1	0	0	0	0	0	0	0
150	1	25.5	2114	0	0	0	0	1	0	0	0	0	0	0	0
150	2	59.8	3649	0	0	0	0	1	0	0	0	0	0	0	0
151	1	27.9	2165	0	0	0	0	1	0	0	0	0	0	0	0
151	2	61.75	3835	0	0	0	0	1	0	0	0	0	0	0	0
152	1	30	2033	0	0	0	0	0	1	0	0	0	0	0	0
152	2	65	3611	0	0	0	0	0	1	0	0	0	0	0	0
153	1	27.9	2084	0	0	0	0	0	1	0	0	0	0	0	0
153	2	59.15	3582	0	0	0	0	0	1	0	0	0	0	0	0
154	1	30	1977	0	0	0	0	0	1	0	0	0	0	0	0
154	2	65	3549	0	0	0	0	0	1	0	0	0	0	0	0
155	1	27.3	2185	0	0	0	0	0	1	0	0	0	0	0	0
155	2	61.1	3672	0	0	0	0	0	1	0	0	0	0	0	0
156	1	30	2017	0	0	0	0	0	1	0	0	0	0	0	0
156	2	65	3196	0	0	0	0	0	1	0	0	0	0	0	0
157	1	30	2061	0	0	0	0	0	1	0	0	0	0	0	0
157	2	65	3399	0	0	0	0	0	1	0	0	0	0	0	0
158	1	30	2185	0	0	0	0	0	1	0	0	0	0	0	0
158	2	65	3530	0	0	0	0	0	1	0	0	0	0	0	0
159	1	28.2	2032	0	0	0	0	0	1	0	0	0	0	0	0
159	2	60.45	3416	0	0	0	0	0	1	0	0	0	0	0	0
160	1	30	2016	0	0	0	0	0	1	0	0	0	0	0	0
160	2	65	3389	0	0	0	0	0	1	0	0	0	0	0	0
161	1	27.6	1967	0	0	0	0	0	1	0	0	0	0	0	0
161	2	65	3355	0	0	0	0	0	1	0	0	0	0	0	0
162	1	30	1891	0	0	0	0	0	1	0	0	0	0	0	0
162	2	65	3537	0	0	0	0	0	1	0	0	0	0	0	0
163	1	30	1898	0	0	0	0	0	1	0	0	0	0	0	0
163	2	65	3586	0	0	0	0	0	1	0	0	0	0	0	0
164	1	30	1892	0	0	0	0	0	1	0	0	0	0	0	0
164	2	65	3611	0	0	0	0	0	1	0	0	0	0	0	0
165	1	30	1790	0	0	0	0	0	1	0	0	0	0	0	0
165	2	65	3657	0	0	0	0	0	1	0	0	0	0	0	0
166	1	30	1906	0	0	0	0	0	1	0	0	0	0	0	0
166	2	65	3583	0	0	0	0	0	1	0	0	0	0	0	0
167	1	28.5	2102	0	0	0	0	0	1	0	0	0	0	0	0
167	2	65	3606	0	0	0	0	0	1	0	0	0	0	0	0
168	1	30	1897	0	0	0	0	0	1	0	0	0	0	0	0
168	2	65	3789	0	0	0	0	0	1	0	0	0	0	0	0
169	1	30	2065	0	0	0	0	0	1	0	0	0	0	0	0
169	2	65	3842	0	0	0	0	0	1	0	0	0	0	0	0
170	1	30	2095	0	0	0	0	0	1	0	0	0	0	0	0
170	2	65	3351	0	0	0	0	0	1	0	0	0	0	0	0
171	1	30	1931	0	0	0	0	0	1	0	0	0	0	0	0
171	2	65	3592	0	0	0	0	0	1	0	0	0	0	0	0
172	1	30	1885	0	0	0	0	0	1	0	0	0	0	0	0
172	2	65	3540	0	0	0	0	0	1	0	0	0	0	0	0
173	1	30	1873	0	0	0	0	0	1	0	0	0	0	0	0
173	2	65	3503	0	0	0	0	0	1	0	0	0	0	0	0
174	1	30	1780	0	0	0	0	0	1	0	0	0	0	0	0
174	2	65	3370	0	0	0	0	0	1	0	0	0	0	0	0
175	1	30	1838	0	0	0	0	0	1	0	0	0	0	0	0
175	2	65	3459	0	0	0	0	0	1	0	0	0	0	0	0
176	1	28.5	2064	0	0	0	0	0	1	0	0	0	0	0	0
176	2	65	3431	0	0	0	0	0	1	0	0	0	0	0	0
177	1	30	2050	0	0	0	0	0	1	0	0	0	0	0	0
177	2	65	3498	0	0	0	0	0	1	0	0	0	0	0	0
178	1	30	1904	0	0	0	0	0	1	0	0	0	0	0	0
178	2	65	3357	0	0	0	0	0	1	0	0	0	0	0	0
179	1	30	2106	0	0	0	0	0	1	0	0	0	0	0	0
179	2	65	3339	0	0	0	0	0	1	0	0	0	0	0	0
180	1	27.3	1880	0	0	0	0	0	1	0	0	0	0	0	0
180	2	65	3724	0	0	0	0	0	1	0	0	0	0	0	0
181	1	30	2047	0	0	0	0	0	1	0	0	0	0	0	0
181	2	65	3771	0	0	0	0	0	1	0	0	0	0	0	0
182	1	30	2020	0	0	0	0	0	0	1	0	0	0	0	0
182	2	65	3162	0	0	0	0	0	0	1	0	0	0	0	0
183	1	26.1	2216	0	0	0	0	0	0	1	0	0	0	0	0
183	2	59.8	3812	0	0	0	0	0	0	1	0	0	0	0	0
184	1	30	1987	0	0	0	0	0	0	1	0	0	0	0	0
184	2	65	3776	0	0	0	0	0	0	1	0	0	0	0	0
185	1	30	1895	0	0	0	0	0	0	1	0	0	0	0	0
185	2	65	3432	0	0	0	0	0	0	1	0	0	0	0	0
186	1	30	2162	0	0	0	0	0	0	1	0	0	0	0	0
186	2	65	3651	0	0	0	0	0	0	1	0	0	0	0	0
187	1	30	1998	0	0	0	0	0	0	1	0	0	0	0	0
187	2	65	3615	0	0	0	0	0	0	1	0	0	0	0	0
188	1	27.3	2038	0	0	0	0	0	0	1	0	0	0	0	0
188	2	61.75	3249	0	0	0	0	0	0	1	0	0	0	0	0
189	1	28.2	2074	0	0	0	0	0	0	1	0	0	0	0	0
189	2	59.8	3831	0	0	0	0	0	0	1	0	0	0	0	0
190	1	30	2007	0	0	0	0	0	0	1	0	0	0	0	0
190	2	65	3397	0	0	0	0	0	0	1	0	0	0	0	0
191	1	30	1988	0	0	0	0	0	0	1	0	0	0	0	0
191	2	65	3300	0	0	0	0	0	0	1	0	0	0	0	0
192	1	30	2071	0	0	0	0	0	0	1	0	0	0	0	0
192	2	65	3749	0	0	0	0	0	0	1	0	0	0	0	0
193	1	30	1948	0	0	0	0	0	0	1	0	0	0	0	0
193	2	65	3920	0	0	0	0	0	0	1	0	0	0	0	0
194	1	30	2019	0	0	0	0	0	0	1	0	0	0	0	0
194	2	65	3392	0	0	0	0	0	0	1	0	0	0	0	0
195	1	30	2008	0	0	0	0	0	0	1	0	0	0	0	0
195	2	65	3431	0	0	0	0	0	0	1	0	0	0	0	0
196	1	30	2029	0	0	0	0	0	0	1	0	0	0	0	0
196	2	65	3487	0	0	0	0	0	0	1	0	0	0	0	0
197	1	30	1998	0	0	0	0	0	0	1	0	0	0	0	0
197	2	65	3430	0	0	0	0	0	0	1	0	0	0	0	0
198	1	27	2304	0	0	0	0	0	0	1	0	0	0	0	0
198	2	60.45	4008	0	0	0	0	0	0	1	0	0	0	0	0
199	1	30	1976	0	0	0	0	0	0	1	0	0	0	0	0
199	2	65	3457	0	0	0	0	0	0	1	0	0	0	0	0
200	1	28.2	2150	0	0	0	0	0	0	1	0	0	0	0	0
200	2	65	3284	0	0	0	0	0	0	1	0	0	0	0	0
201	1	30	1908	0	0	0	0	0	0	1	0	0	0	0	0
201	2	65	3373	0	0	0	0	0	0	1	0	0	0	0	0
202	1	26.4	2219	0	0	0	0	0	0	1	0	0	0	0	0
202	2	65	3590	0	0	0	0	0	0	1	0	0	0	0	0
203	1	30	2045	0	0	0	0	0	0	1	0	0	0	0	0
203	2	65	3496	0	0	0	0	0	0	1	0	0	0	0	0
204	1	30	2039	0	0	0	0	0	0	1	0	0	0	0	0
204	2	65	3780	0	0	0	0	0	0	1	0	0	0	0	0
205	1	27	2151	0	0	0	0	0	0	1	0	0	0	0	0
205	2	60.45	3824	0	0	0	0	0	0	1	0	0	0	0	0
206	1	30	2131	0	0	0	0	0	0	1	0	0	0	0	0
206	2	65	3522	0	0	0	0	0	0	1	0	0	0	0	0
207	1	30	1962	0	0	0	0	0	0	1	0	0	0	0	0
207	2	65	3357	0	0	0	0	0	0	1	0	0	0	0	0
208	1	28.2	2049	0	0	0	0	0	0	1	0	0	0	0	0
208	2	59.15	3639	0	0	0	0	0	0	1	0	0	0	0	0
209	1	30	2130	0	0	0	0	0	0	1	0	0	0	0	0
209	2	65	3819	0	0	0	0	0	0	1	0	0	0	0	0
210	1	30	1916	0	0	0	0	0	0	1	0	0	0	0	0
210	2	65	3727	0	0	0	0	0	0	1	0	0	0	0	0
211	1	30	1978	0	0	0	0	0	0	1	0	0	0	0	0
211	2	65	3707	0	0	0	0	0	0	1	0	0	0	0	0
212	1	27.3	2055	0	0	0	0	0	0	1	0	0	0	0	0
212	2	58.5	3612	0	0	0	0	0	0	1	0	0	0	0	0
213	1	30	2034	0	0	0	0	0	0	0	1	0	0	0	0
213	2	65	3416	0	0	0	0	0	0	0	1	0	0	0	0
214	1	30	2115	0	0	0	0	0	0	0	1	0	0	0	0
214	2	65	3207	0	0	0	0	0	0	0	1	0	0	0	0
215	1	30	2078	0	0	0	0	0	0	0	1	0	0	0	0
215	2	65	3725	0	0	0	0	0	0	0	1	0	0	0	0
216	1	26.4	2177	0	0	0	0	0	0	0	1	0	0	0	0
216	2	65	3080	0	0	0	0	0	0	0	1	0	0	0	0
217	1	30	1896	0	0	0	0	0	0	0	1	0	0	0	0
217	2	65	3438	0	0	0	0	0	0	0	1	0	0	0	0
218	1	30	2065	0	0	0	0	0	0	0	1	0	0	0	0
218	2	65	3284	0	0	0	0	0	0	0	1	0	0	0	0
219	1	27.9	2171	0	0	0	0	0	0	0	1	0	0	0	0
219	2	65	3903	0	0	0	0	0	0	0	1	0	0	0	0
220	1	26.7	2037	0	0	0	0	0	0	0	1	0	0	0	0
220	2	59.15	3712	0	0	0	0	0	0	0	1	0	0	0	0
221	1	30	2006	0	0	0	0	0	0	0	1	0	0	0	0
221	2	65	3445	0	0	0	0	0	0	0	1	0	0	0	0
222	1	30	1803	0	0	0	0	0	0	0	1	0	0	0	0
222	2	65	3532	0	0	0	0	0	0	0	1	0	0	0	0
223	1	30	2030	0	0	0	0	0	0	0	1	0	0	0	0
223	2	65	3401	0	0	0	0	0	0	0	1	0	0	0	0
224	1	30	1923	0	0	0	0	0	0	0	1	0	0	0	0
224	2	65	3489	0	0	0	0	0	0	0	1	0	0	0	0
225	1	30	1983	0	0	0	0	0	0	0	1	0	0	0	0
225	2	65	3225	0	0	0	0	0	0	0	1	0	0	0	0
226	1	26.7	2350	0	0	0	0	0	0	0	1	0	0	0	0
226	2	65	3567	0	0	0	0	0	0	0	1	0	0	0	0
227	1	30	1906	0	0	0	0	0	0	0	1	0	0	0	0
227	2	65	3316	0	0	0	0	0	0	0	1	0	0	0	0
228	1	30	2060	0	0	0	0	0	0	0	1	0	0	0	0
228	2	65	3733	0	0	0	0	0	0	0	1	0	0	0	0
229	1	26.4	2139	0	0	0	0	0	0	0	1	0	0	0	0
229	2	61.75	3730	0	0	0	0	0	0	0	1	0	0	0	0
230	1	28.5	2138	0	0	0	0	0	0	0	1	0	0	0	0
230	2	65	3534	0	0	0	0	0	0	0	1	0	0	0	0
231	1	30	2111	0	0	0	0	0	0	0	1	0	0	0	0
231	2	65	3757	0	0	0	0	0	0	0	1	0	0	0	0
232	1	30	1911	0	0	0	0	0	0	0	1	0	0	0	0
232	2	65	3359	0	0	0	0	0	0	0	1	0	0	0	0
233	1	30	1957	0	0	0	0	0	0	0	1	0	0	0	0
233	2	65	3615	0	0	0	0	0	0	0	1	0	0	0	0
234	1	28.5	2159	0	0	0	0	0	0	0	1	0	0	0	0
234	2	65	3755	0	0	0	0	0	0	0	1	0	0	0	0
235	1	30	2140	0	0	0	0	0	0	0	1	0	0	0	0
235	2	65	3441	0	0	0	0	0	0	0	1	0	0	0	0
236	1	30	1934	0	0	0	0	0	0	0	1	0	0	0	0
236	2	65	3708	0	0	0	0	0	0	0	1	0	0	0	0
237	1	30	2067	0	0	0	0	0	0	0	1	0	0	0	0
237	2	65	3545	0	0	0	0	0	0	0	1	0	0	0	0
238	1	26.1	2231	0	0	0	0	0	0	0	1	0	0	0	0
238	2	59.8	3850	0	0	0	0	0	0	0	1	0	0	0	0
239	1	26.1	2045	0	0	0	0	0	0	0	1	0	0	0	0
239	2	61.1	3684	0	0	0	0	0	0	0	1	0	0	0	0
240	1	30	2179	0	0	0	0	0	0	0	1	0	0	0	0
240	2	65	3361	0	0	0	0	0	0	0	1	0	0	0	0
241	1	26.4	2229	0	0	0	0	0	0	0	1	0	0	0	0
241	2	65	3432	0	0	0	0	0	0	0	1	0	0	0	0
242	1	30	1799	0	0	0	0	0	0	0	1	0	0	0	0
242	2	65	3433	0	0	0	0	0	0	0	1	0	0	0	0
243	1	30	2056	0	0	0	0	0	0	0	1	0	0	0	0
243	2	65	3332	0	0	0	0	0	0	0	1	0	0	0	0
244	1	30	2090	0	0	0	0	0	0	0	0	1	0	0	0
244	2	65	3847	0	0	0	0	0	0	0	0	1	0	0	0
245	1	30	2085	0	0	0	0	0	0	0	0	1	0	0	0
245	2	65	3571	0	0	0	0	0	0	0	0	1	0	0	0
246	1	30	1852	0	0	0	0	0	0	0	0	1	0	0	0
246	2	65	3508	0	0	0	0	0	0	0	0	1	0	0	0
247	1	30	2033	0	0	0	0	0	0	0	0	1	0	0	0
247	2	65	3638	0	0	0	0	0	0	0	0	1	0	0	0
248	1	27	2208	0	0	0	0	0	0	0	0	1	0	0	0
248	2	60.45	3814	0	0	0	0	0	0	0	0	1	0	0	0
249	1	25.5	2219	0	0	0	0	0	0	0	0	1	0	0	0
249	2	65	3571	0	0	0	0	0	0	0	0	1	0	0	0
250	1	30	2041	0	0	0	0	0	0	0	0	1	0	0	0
250	2	65	3302	0	0	0	0	0	0	0	0	1	0	0	0
251	1	30	1965	0	0	0	0	0	0	0	0	1	0	0	0
251	2	65	3396	0	0	0	0	0	0	0	0	1	0	0	0
252	1	30	2203	0	0	0	0	0	0	0	0	1	0	0	0
252	2	65	3292	0	0	0	0	0	0	0	0	1	0	0	0
253	1	30	1897	0	0	0	0	0	0	0	0	1	0	0	0
253	2	65	3518	0	0	0	0	0	0	0	0	1	0	0	0
254	1	25.8	2274	0	0	0	0	0	0	0	0	1	0	0	0
254	2	65	3911	0	0	0	0	0	0	0	0	1	0	0	0
255	1	30	2031	0	0	0	0	0	0	0	0	1	0	0	0
255	2	65	3458	0	0	0	0	0	0	0	0	1	0	0	0
256	1	28.2	2104	0	0	0	0	0	0	0	0	1	0	0	0
256	2	65	3831	0	0	0	0	0	0	0	0	1	0	0	0
257	1	30	1995	0	0	0	0	0	0	0	0	1	0	0	0
257	2	65	3608	0	0	0	0	0	0	0	0	1	0	0	0
258	1	30	2095	0	0	0	0	0	0	0	0	1	0	0	0
258	2	65	3673	0	0	0	0	0	0	0	0	1	0	0	0
259	1	30	2120	0	0	0	0	0	0	0	0	1	0	0	0
259	2	65	3526	0	0	0	0	0	0	0	0	1	0	0	0
260	1	25.5	2301	0	0	0	0	0	0	0	0	1	0	0	0
260	2	61.1	3449	0	0	0	0	0	0	0	0	1	0	0	0
261	1	30	2071	0	0	0	0	0	0	0	0	1	0	0	0
261	2	65	3713	0	0	0	0	0	0	0	0	1	0	0	0
262	1	30	1909	0	0	0	0	0	0	0	0	1	0	0	0
262	2	65	3572	0	0	0	0	0	0	0	0	1	0	0	0
263	1	30	2124	0	0	0	0	0	0	0	0	1	0	0	0
263	2	65	3323	0	0	0	0	0	0	0	0	1	0	0	0
264	1	28.5	2248	0	0	0	0	0	0	0	0	1	0	0	0
264	2	65	3368	0	0	0	0	0	0	0	0	1	0	0	0
265	1	30	1914	0	0	0	0	0	0	0	0	1	0	0	0
265	2	65	3759	0	0	0	0	0	0	0	0	1	0	0	0
266	1	30	2199	0	0	0	0	0	0	0	0	1	0	0	0
266	2	65	3636	0	0	0	0	0	0	0	0	1	0	0	0
267	1	30	1994	0	0	0	0	0	0	0	0	1	0	0	0
267	2	65	3625	0	0	0	0	0	0	0	0	1	0	0	0
268	1	30	2146	0	0	0	0	0	0	0	0	1	0	0	0
268	2	65	3324	0	0	0	0	0	0	0	0	1	0	0	0
269	1	28.2	2059	0	0	0	0	0	0	0	0	1	0	0	0
269	2	61.1	3706	0	0	0	0	0	0	0	0	1	0	0	0
270	1	27.6	2154	0	0	0	0	0	0	0	0	1	0	0	0
270	2	65	3386	0	0	0	0	0	0	0	0	1	0	0	0
271	1	25.5	2281	0	0	0	0	0	0	0	0	1	0	0	0
271	2	65	3767	0	0	0	0	0	0	0	0	1	0	0	0
272	1	30	1981	0	0	0	0	0	0	0	0	1	0	0	0
272	2	65	3398	0	0	0	0	0	0	0	0	1	0	0	0
273	1	30	1759	0	0	0	0	0	0	0	0	1	0	0	0
273	2	65	3475	0	0	0	0	0	0	0	0	1	0	0	0
274	1	27.3	2255	0	0	0	0	0	0	0	0	0	1	0	0
274	2	60.45	3708	0	0	0	0	0	0	0	0	0	1	0	0
275	1	30	2150	0	0	0	0	0	0	0	0	0	1	0	0
275	2	65	3388	0	0	0	0	0	0	0	0	0	1	0	0
276	1	30	2040	0	0	0	0	0	0	0	0	0	1	0	0
276	2	65	3540	0	0	0	0	0	0	0	0	0	1	0	0
277	1	30	2193	0	0	0	0	0	0	0	0	0	1	0	0
277	2	65	3802	0	0	0	0	0	0	0	0	0	1	0	0
278	1	30	2205	0	0	0	0	0	0	0	0	0	1	0	0
278	2	65	3765	0	0	0	0	0	0	0	0	0	1	0	0
279	1	30	2071	0	0	0	0	0	0	0	0	0	1	0	0
279	2	65	3426	0	0	0	0	0	0	0	0	0	1	0	0
280	1	30	2257	0	0	0	0	0	0	0	0	0	1	0	0
280	2	65	3590	0	0	0	0	0	0	0	0	0	1	0	0
281	1	30	2094	0	0	0	0	0	0	0	0	0	1	0	0
281	2	65	3814	0	0	0	0	0	0	0	0	0	1	0	0
282	1	30	2136	0	0	0	0	0	0	0	0	0	1	0	0
282	2	65	3640	0	0	0	0	0	0	0	0	0	1	0	0
283	1	30	2175	0	0	0	0	0	0	0	0	0	1	0	0
283	2	65	3657	0	0	0	0	0	0	0	0	0	1	0	0
284	1	28.2	2065	0	0	0	0	0	0	0	0	0	1	0	0
284	2	59.15	3758	0	0	0	0	0	0	0	0	0	1	0	0
285	1	27.6	2227	0	0	0	0	0	0	0	0	0	1	0	0
285	2	65	3410	0	0	0	0	0	0	0	0	0	1	0	0
286	1	30	2072	0	0	0	0	0	0	0	0	0	1	0	0
286	2	65	3559	0	0	0	0	0	0	0	0	0	1	0	0
287	1	30	1998	0	0	0	0	0	0	0	0	0	1	0	0
287	2	65	3664	0	0	0	0	0	0	0	0	0	1	0	0
288	1	26.4	2192	0	0	0	0	0	0	0	0	0	1	0	0
288	2	59.15	4084	0	0	0	0	0	0	0	0	0	1	0	0
289	1	30	2076	0	0	0	0	0	0	0	0	0	1	0	0
289	2	65	3246	0	0	0	0	0	0	0	0	0	1	0	0
290	1	28.2	2119	0	0	0	0	0	0	0	0	0	1	0	0
290	2	65	3989	0	0	0	0	0	0	0	0	0	1	0	0
291	1	25.5	2354	0	0	0	0	0	0	0	0	0	1	0	0
291	2	65	3696	0	0	0	0	0	0	0	0	0	1	0	0
292	1	25.5	2270	0	0	0	0	0	0	0	0	0	1	0	0
292	2	65	3681	0	0	0	0	0	0	0	0	0	1	0	0
293	1	30	2275	0	0	0	0	0	0	0	0	0	1	0	0
293	2	65	3760	0	0	0	0	0	0	0	0	0	1	0	0
294	1	27.3	2335	0	0	0	0	0	0	0	0	0	1	0	0
294	2	65	3686	0	0	0	0	0	0	0	0	0	1	0	0
295	1	25.5	2279	0	0	0	0	0	0	0	0	0	1	0	0
295	2	59.15	3954	0	0	0	0	0	0	0	0	0	1	0	0
296	1	30	2050	0	0	0	0	0	0	0	0	0	1	0	0
296	2	65	3625	0	0	0	0	0	0	0	0	0	1	0	0
297	1	28.2	2139	0	0	0	0	0	0	0	0	0	1	0	0
297	2	61.1	3944	0	0	0	0	0	0	0	0	0	1	0	0
298	1	30	1877	0	0	0	0	0	0	0	0	0	1	0	0
298	2	65	3929	0	0	0	0	0	0	0	0	0	1	0	0
299	1	27.9	2152	0	0	0	0	0	0	0	0	0	1	0	0
299	2	65	3717	0	0	0	0	0	0	0	0	0	1	0	0
300	1	27.6	2102	0	0	0	0	0	0	0	0	0	1	0	0
300	2	65	3705	0	0	0	0	0	0	0	0	0	1	0	0
301	1	30	2253	0	0	0	0	0	0	0	0	0	1	0	0
301	2	65	3581	0	0	0	0	0	0	0	0	0	1	0	0
302	1	30	2134	0	0	0	0	0	0	0	0	0	1	0	0
302	2	65	3636	0	0	0	0	0	0	0	0	0	1	0	0
303	1	30	1897	0	0	0	0	0	0	0	0	0	1	0	0
303	2	65	3648	0	0	0	0	0	0	0	0	0	1	0	0
304	1	26.4	2158	0	0	0	0	0	0	0	0	0	1	0	0
304	2	58.5	3919	0	0	0	0	0	0	0	0	0	1	0	0
305	1	27	2333	0	0	0	0	0	0	0	0	0	0	1	0
305	2	59.15	4116	0	0	0	0	0	0	0	0	0	0	1	0
306	1	25.8	2528	0	0	0	0	0	0	0	0	0	0	1	0
306	2	60.45	4103	0	0	0	0	0	0	0	0	0	0	1	0
307	1	30	2300	0	0	0	0	0	0	0	0	0	0	1	0
307	2	65	4021	0	0	0	0	0	0	0	0	0	0	1	0
308	1	30	2116	0	0	0	0	0	0	0	0	0	0	1	0
308	2	65	3904	0	0	0	0	0	0	0	0	0	0	1	0
309	1	30	2189	0	0	0	0	0	0	0	0	0	0	1	0
309	2	65	4255	0	0	0	0	0	0	0	0	0	0	1	0
310	1	30	2097	0	0	0	0	0	0	0	0	0	0	1	0
310	2	65	3906	0	0	0	0	0	0	0	0	0	0	1	0
311	1	30	2081	0	0	0	0	0	0	0	0	0	0	1	0
311	2	65	3850	0	0	0	0	0	0	0	0	0	0	1	0
312	1	26.1	2264	0	0	0	0	0	0	0	0	0	0	1	0
312	2	65	4098	0	0	0	0	0	0	0	0	0	0	1	0
313	1	30	2191	0	0	0	0	0	0	0	0	0	0	1	0
313	2	65	4287	0	0	0	0	0	0	0	0	0	0	1	0
314	1	27	2483	0	0	0	0	0	0	0	0	0	0	1	0
314	2	61.75	3977	0	0	0	0	0	0	0	0	0	0	1	0
315	1	28.5	2229	0	0	0	0	0	0	0	0	0	0	1	0
315	2	61.1	3936	0	0	0	0	0	0	0	0	0	0	1	0
316	1	30	2067	0	0	0	0	0	0	0	0	0	0	1	0
316	2	65	4512	0	0	0	0	0	0	0	0	0	0	1	0
317	1	30	2180	0	0	0	0	0	0	0	0	0	0	1	0
317	2	65	3951	0	0	0	0	0	0	0	0	0	0	1	0
318	1	30	2193	0	0	0	0	0	0	0	0	0	0	1	0
318	2	65	3829	0	0	0	0	0	0	0	0	0	0	1	0
319	1	25.8	2357	0	0	0	0	0	0	0	0	0	0	1	0
319	2	58.5	4015	0	0	0	0	0	0	0	0	0	0	1	0
320	1	25.5	2429	0	0	0	0	0	0	0	0	0	0	1	0
320	2	59.8	3655	0	0	0	0	0	0	0	0	0	0	1	0
321	1	26.1	2472	0	0	0	0	0	0	0	0	0	0	1	0
321	2	61.1	4195	0	0	0	0	0	0	0	0	0	0	1	0
322	1	26.4	2442	0	0	0	0	0	0	0	0	0	0	1	0
322	2	59.8	4375	0	0	0	0	0	0	0	0	0	0	1	0
323	1	30	2274	0	0	0	0	0	0	0	0	0	0	1	0
323	2	65	3783	0	0	0	0	0	0	0	0	0	0	1	0
324	1	30	2660	0	0	0	0	0	0	0	0	0	0	1	0
324	2	65	4939	0	0	0	0	0	0	0	0	0	0	1	0
325	1	30	2867	0	0	0	0	0	0	0	0	0	0	1	0
325	2	65	4859	0	0	0	0	0	0	0	0	0	0	1	0
326	1	30	2781	0	0	0	0	0	0	0	0	0	0	1	0
326	2	65	4996	0	0	0	0	0	0	0	0	0	0	1	0
327	1	30	2838	0	0	0	0	0	0	0	0	0	0	1	0
327	2	65	4798	0	0	0	0	0	0	0	0	0	0	1	0
328	1	30	2861	0	0	0	0	0	0	0	0	0	0	1	0
328	2	65	4882	0	0	0	0	0	0	0	0	0	0	1	0
329	1	30	2901	0	0	0	0	0	0	0	0	0	0	1	0
329	2	65	4829	0	0	0	0	0	0	0	0	0	0	1	0
330	1	30	2814	0	0	0	0	0	0	0	0	0	0	1	0
330	2	65	4783	0	0	0	0	0	0	0	0	0	0	1	0
331	1	30	2699	0	0	0	0	0	0	0	0	0	0	1	0
331	2	65	4787	0	0	0	0	0	0	0	0	0	0	1	0
332	1	30	2768	0	0	0	0	0	0	0	0	0	0	1	0
332	2	65	4859	0	0	0	0	0	0	0	0	0	0	1	0
333	1	30	2729	0	0	0	0	0	0	0	0	0	0	1	0
333	2	65	4808	0	0	0	0	0	0	0	0	0	0	1	0
334	1	30	2744	0	0	0	0	0	0	0	0	0	0	1	0
334	2	65	5022	0	0	0	0	0	0	0	0	0	0	1	0
335	1	30	3034	0	0	0	0	0	0	0	0	0	0	0	1
335	2	65	5619	0	0	0	0	0	0	0	0	0	0	0	1
336	1	30	3113	0	0	0	0	0	0	0	0	0	0	0	1
336	2	65	5758	0	0	0	0	0	0	0	0	0	0	0	1
337	1	30	3177	0	0	0	0	0	0	0	0	0	0	0	1
337	2	65	5671	0	0	0	0	0	0	0	0	0	0	0	1
338	1	30	3132	0	0	0	0	0	0	0	0	0	0	0	1
338	2	65	5517	0	0	0	0	0	0	0	0	0	0	0	1
339	1	30	3030	0	0	0	0	0	0	0	0	0	0	0	1
339	2	65	5409	0	0	0	0	0	0	0	0	0	0	0	1
340	1	30	3347	0	0	0	0	0	0	0	0	0	0	0	1
340	2	65	5660	0	0	0	0	0	0	0	0	0	0	0	1
341	1	30	3203	0	0	0	0	0	0	0	0	0	0	0	1
341	2	65	5317	0	0	0	0	0	0	0	0	0	0	0	1
342	1	30	3204	0	0	0	0	0	0	0	0	0	0	0	1
342	2	65	5736	0	0	0	0	0	0	0	0	0	0	0	1
343	1	30	3152	0	0	0	0	0	0	0	0	0	0	0	1
343	2	65	5639	0	0	0	0	0	0	0	0	0	0	0	1
344	1	30	3316	0	0	0	0	0	0	0	0	0	0	0	1
344	2	65	5418	0	0	0	0	0	0	0	0	0	0	0	1
345	1	30	3179	0	0	0	0	0	0	0	0	0	0	0	1
345	2	65	5186	0	0	0	0	0	0	0	0	0	0	0	1
346	1	30	3206	0	0	0	0	0	0	0	0	0	0	0	1
346	2	65	5453	0	0	0	0	0	0	0	0	0	0	0	1
347	1	30	3000	0	0	0	0	0	0	0	0	0	0	0	1
347	2	65	5719	0	0	0	0	0	0	0	0	0	0	0	1
348	1	30	3319	0	0	0	0	0	0	0	0	0	0	0	1
348	2	65	5412	0	0	0	0	0	0	0	0	0	0	0	1
349	1	30	3246	0	0	0	0	0	0	0	0	0	0	0	1
349	2	65	5602	0	0	0	0	0	0	0	0	0	0	0	1
350	1	30	3197	0	0	0	0	0	0	0	0	0	0	0	1
350	2	65	5035	0	0	0	0	0	0	0	0	0	0	0	1
351	1	30	3225	0	0	0	0	0	0	0	0	0	0	0	1
351	2	65	5847	0	0	0	0	0	0	0	0	0	0	0	1
352	1	30	3180	0	0	0	0	0	0	0	0	0	0	0	1
352	2	65	5767	0	0	0	0	0	0	0	0	0	0	0	1
353	1	30	3039	0	0	0	0	0	0	0	0	0	0	0	1
353	2	65	5491	0	0	0	0	0	0	0	0	0	0	0	1
354	1	30	3213	0	0	0	0	0	0	0	0	0	0	0	1
354	2	65	5355	0	0	0	0	0	0	0	0	0	0	0	1
355	1	30	3113	0	0	0	0	0	0	0	0	0	0	0	1
355	2	65	5561	0	0	0	0	0	0	0	0	0	0	0	1
356	1	30	3334	0	0	0	0	0	0	0	0	0	0	0	1
356	2	65	5685	0	0	0	0	0	0	0	0	0	0	0	1
357	1	30	3259	0	0	0	0	0	0	0	0	0	0	0	1
357	2	65	5860	0	0	0	0	0	0	0	0	0	0	0	1
358	1	30	3361	0	0	0	0	0	0	0	0	0	0	0	1
358	2	65	5562	0	0	0	0	0	0	0	0	0	0	0	1
359	1	30	2234	0	0	0	0	0	0	0	0	0	0	0	1
359	2	65	4297	0	0	0	0	0	0	0	0	0	0	0	1
360	1	25.8	2530	0	0	0	0	0	0	0	0	0	0	0	1
360	2	65	4169	0	0	0	0	0	0	0	0	0	0	0	1
361	1	30	2426	0	0	0	0	0	0	0	0	0	0	0	1
361	2	65	4228	0	0	0	0	0	0	0	0	0	0	0	1
362	1	26.4	2609	0	0	0	0	0	0	0	0	0	0	0	1
362	2	65	3876	0	0	0	0	0	0	0	0	0	0	0	1
363	1	30	2294	0	0	0	0	0	0	0	0	0	0	0	1
363	2	65	4224	0	0	0	0	0	0	0	0	0	0	0	1
364	1	26.7	2448	0	0	0	0	0	0	0	0	0	0	0	1
364	2	65	4171	0	0	0	0	0	0	0	0	0	0	0	1
365	1	27.6	2521	0	0	0	0	0	0	0	0	0	0	0	1
365	2	65	4097	0	0	0	0	0	0	0	0	0	0	0	1
